{
    "c_idx":[
        0,
        1,
        2,
        0,
        1,
        2,
        0,
        1,
        2,
        0,
        1,
        2,
        0,
        1,
        2,
        0,
        1,
        2,
        0,
        1,
        2,
        0,
        1,
        2,
        0,
        1,
        2,
        0,
        1,
        2,
        0,
        1,
        2,
        0,
        1,
        2,
        0,
        2,
        0,
        1,
        2,
        0,
        1,
        2,
        0,
        1,
        2,
        0,
        1,
        2,
        0,
        1,
        2,
        0,
        1,
        2,
        0,
        1,
        2,
        0,
        1,
        2,
        0,
        1,
        2,
        0,
        1,
        2,
        0,
        1,
        2
    ],
    "data":[
        -0.38835617899894714,
        -0.2041652798652649,
        0.29538050293922424,
        -0.08204635977745056,
        -0.3220173418521881,
        -0.4112832546234131,
        0.4660451412200928,
        -0.18167734146118164,
        0.2552049458026886,
        -0.5043346285820007,
        0.09066779911518097,
        0.4198886454105377,
        0.19282419979572296,
        -0.4785160720348358,
        0.4392441511154175,
        0.6018542051315308,
        -0.9503090381622314,
        0.4409710764884949,
        -0.292351096868515,
        -0.23827727138996124,
        0.2583255469799042,
        0.214400053024292,
        0.06258157640695572,
        -0.3750331699848175,
        0.197905033826828,
        -0.28538620471954346,
        0.1692875325679779,
        0.2717125713825226,
        0.2285386025905609,
        -0.24611613154411316,
        -0.14373494684696198,
        0.07735202461481094,
        -0.10111185908317566,
        0.5230302810668945,
        -0.7170735597610474,
        -0.23573113977909088,
        -0.40671512484550476,
        -0.06911855936050415,
        -0.1323501169681549,
        -0.13912372291088104,
        0.21219533681869507,
        -0.04600933566689491,
        0.23751948773860931,
        0.05426277965307236,
        0.5469446182250977,
        -0.5772892236709595,
        -0.06755459308624268,
        0.4398384392261505,
        -0.7743725180625916,
        0.16820122301578522,
        0.42061877250671387,
        -0.49890387058258057,
        0.25389909744262695,
        -0.7557993531227112,
        0.2359829694032669,
        0.2917192280292511,
        0.13764147460460663,
        0.5971068143844604,
        0.0629635602235794,
        -0.5782647132873535,
        0.10965639352798462,
        -0.05251804366707802,
        -0.1693171262741089,
        0.16053536534309387,
        0.487080842256546,
        0.33236104249954224,
        0.852918267250061,
        -0.6151320934295654,
        0.07265879958868027,
        -0.7003244161605835,
        -0.3615886867046356
    ],
    "group_index":0,
    "k_idx":[
        0,
        0,
        0,
        1,
        1,
        1,
        2,
        2,
        2,
        3,
        3,
        3,
        4,
        4,
        4,
        5,
        5,
        5,
        6,
        6,
        6,
        7,
        7,
        7
    ],
    "layer":1,
    "pos_ptr":[
        0,
        3,
        6,
        9,
        12,
        15,
        18,
        21,
        24,
        27,
        30,
        33,
        36,
        38,
        41,
        44,
        47,
        50,
        53,
        56,
        59,
        62,
        65,
        68
    ],
    "r_idx":[
        0,
        1,
        2,
        0,
        1,
        2,
        0,
        1,
        2,
        0,
        1,
        2,
        0,
        1,
        2,
        0,
        1,
        2,
        0,
        1,
        2,
        0,
        1,
        2
    ],
    "s":0
}