{
    "c_idx":[
        0,
        1,
        2,
        4,
        5,
        7,
        0,
        1,
        2,
        3,
        4,
        5,
        6,
        7,
        0,
        1,
        2,
        3,
        4,
        5,
        6,
        7,
        0,
        1,
        2,
        3,
        4,
        5,
        6,
        7,
        0,
        1,
        2,
        4,
        6,
        7,
        0,
        1,
        2,
        3,
        4,
        5,
        6,
        0,
        1,
        2,
        3,
        4,
        5,
        6,
        7,
        0,
        1,
        3,
        4,
        5,
        6,
        0,
        1,
        2,
        3,
        4,
        5,
        6,
        7,
        0,
        1,
        2,
        3,
        4,
        5,
        6,
        7,
        0,
        1,
        2,
        3,
        4,
        5,
        6,
        7,
        0,
        1,
        2,
        3,
        4,
        5,
        6,
        7,
        0,
        1,
        2,
        3,
        4,
        5,
        6,
        7,
        0,
        2,
        3,
        5,
        6,
        7,
        1,
        2,
        4,
        5,
        6,
        7,
        0,
        1,
        2,
        3,
        4,
        5,
        6,
        7,
        0,
        3,
        4,
        6,
        7,
        0,
        2,
        4,
        5,
        6,
        7,
        0,
        1,
        2,
        3,
        4,
        5,
        6,
        7,
        1,
        2,
        3,
        4,
        5,
        6,
        7,
        1,
        2,
        3,
        4,
        5,
        6,
        7,
        0,
        1,
        2,
        4,
        5,
        6,
        7,
        1,
        2,
        3,
        4,
        5,
        6,
        7,
        0,
        1,
        2,
        4,
        5,
        6,
        7
    ],
    "data":[
        0.10707364231348038,
        -0.316626638174057,
        0.38958606123924255,
        0.4997168183326721,
        -0.37852942943573,
        -0.31078237295150757,
        0.06514858454465866,
        0.2479168325662613,
        -0.5284616351127625,
        -0.301593154668808,
        -0.47775888442993164,
        0.5421662926673889,
        -0.6805986166000366,
        -0.13147731125354767,
        -0.08926244080066681,
        0.27384597063064575,
        -0.1503850817680359,
        0.5074397325515747,
        -0.5120751261711121,
        0.27890679240226746,
        -0.24490560591220856,
        0.10330338776111603,
        -0.1032823771238327,
        -0.21907344460487366,
        -0.10010942071676254,
        0.07167576998472214,
        -0.12799851596355438,
        -0.3418863117694855,
        -0.089036725461483,
        -0.33069726824760437,
        -0.3899613320827484,
        -0.3948737680912018,
        -0.4475979208946228,
        -0.09792546182870865,
        -0.37003058195114136,
        -0.47942787408828735,
        -0.043887313455343246,
        -0.33519142866134644,
        0.054275576025247574,
        -0.18394698202610016,
        0.10378651320934296,
        0.5340081453323364,
        0.1664622575044632,
        0.12426738440990448,
        0.13790835440158844,
        -0.22196251153945923,
        0.14015330374240875,
        -0.524204432964325,
        0.14490947127342224,
        0.3676545023918152,
        0.38705432415008545,
        0.14274905622005463,
        -0.4031330943107605,
        0.22934116423130035,
        -0.34161698818206787,
        0.5021433234214783,
        0.15735593438148499,
        -0.18447785079479218,
        -0.16081194579601288,
        0.05460469797253609,
        0.06413201987743378,
        0.20037321746349335,
        -0.3378726541996002,
        -0.2801932096481323,
        -0.1627741903066635,
        -0.19643211364746094,
        -0.11598115414381027,
        0.4634188115596771,
        -0.18984222412109375,
        0.1567971110343933,
        0.1673956662416458,
        -0.09531867504119873,
        -0.25807833671569824,
        -0.5566256046295166,
        -0.07471643388271332,
        0.09992852807044983,
        -0.43414416909217834,
        0.3408350646495819,
        0.27620309591293335,
        -0.34875941276550293,
        -0.47561344504356384,
        0.05732113867998123,
        -0.17158634960651398,
        -0.38377514481544495,
        -0.2631971836090088,
        -0.19654691219329834,
        -0.5742216110229492,
        -0.04235439375042915,
        0.26848942041397095,
        -0.3803408443927765,
        0.04332301765680313,
        0.6555240750312805,
        0.18304668366909027,
        -0.5101580023765564,
        -0.4630180895328522,
        0.8372001051902771,
        -0.145827978849411,
        0.6223822832107544,
        -0.2042519599199295,
        0.07621564716100693,
        0.12974943220615387,
        -0.15821821987628937,
        0.38324862718582153,
        0.8436784744262695,
        -0.2421780228614807,
        0.13913288712501526,
        -0.265063613653183,
        -0.6950840950012207,
        -0.06293033063411713,
        -0.2972428798675537,
        -0.4795858561992645,
        0.08981672674417496,
        -0.08302893489599228,
        0.15850603580474854,
        0.26608848571777344,
        0.17977166175842285,
        -0.38154175877571106,
        0.34234818816185,
        -0.1537797451019287,
        0.1068868562579155,
        -0.13979314267635345,
        0.09989175945520401,
        -0.15837779641151428,
        -0.18336933851242065,
        -0.25787678360939026,
        -0.10490553826093674,
        0.13989976048469543,
        -0.2147512435913086,
        0.17011824250221252,
        -0.8529980182647705,
        -0.2749045491218567,
        -0.36818408966064453,
        -0.21883349120616913,
        0.1265968531370163,
        -0.098856121301651,
        -0.28166836500167847,
        -0.7392580509185791,
        0.25545382499694824,
        0.06975113600492477,
        0.5462038516998291,
        -0.2761378288269043,
        -0.4154879152774811,
        0.11787078529596329,
        0.583291232585907,
        0.30036264657974243,
        -0.23776289820671082,
        -0.6265468597412109,
        -0.12005549669265747,
        0.11117420345544815,
        -0.2958303391933441,
        -0.24711352586746216,
        -0.07270080596208572,
        0.2838650047779083,
        -0.13199028372764587,
        0.0725652426481247,
        -0.06263016909360886,
        -0.11819407343864441,
        0.08370975404977798,
        0.12929895520210266,
        0.15537679195404053,
        -0.2575838565826416,
        -0.35311469435691833,
        0.16352811455726624,
        0.28657621145248413,
        -0.09510574489831924,
        -0.432199090719223,
        0.09572833776473999,
        -0.4107591509819031,
        -0.12806737422943115,
        -0.14075453579425812,
        -0.25825783610343933
    ],
    "group_index":0,
    "k_idx":[
        0,
        0,
        0,
        1,
        1,
        1,
        2,
        2,
        2,
        3,
        3,
        3,
        4,
        4,
        4,
        5,
        5,
        5,
        6,
        6,
        6,
        7,
        7,
        7
    ],
    "layer":2,
    "pos_ptr":[
        337,
        343,
        351,
        359,
        367,
        373,
        380,
        388,
        394,
        402,
        410,
        418,
        426,
        434,
        440,
        446,
        454,
        459,
        465,
        473,
        480,
        487,
        494,
        501
    ],
    "r_idx":[
        0,
        1,
        2,
        0,
        1,
        2,
        0,
        1,
        2,
        0,
        1,
        2,
        0,
        1,
        2,
        0,
        1,
        2,
        0,
        1,
        2,
        0,
        1,
        2
    ],
    "s":2
}