{
    "c_idx":[
        0,
        1,
        2,
        1,
        2,
        0,
        1,
        2,
        0,
        1,
        2,
        0,
        2,
        0,
        1,
        2,
        0,
        1,
        2,
        0,
        1,
        2,
        0,
        1,
        2,
        0,
        1,
        2,
        0,
        1,
        2,
        0,
        1,
        2,
        0,
        1,
        2,
        0,
        1,
        2,
        0,
        1,
        2,
        0,
        1,
        2,
        0,
        1,
        2,
        0,
        1,
        2,
        0,
        1,
        2,
        0,
        1,
        2,
        0,
        1,
        2,
        0,
        1,
        2,
        0,
        2,
        0,
        1,
        2
    ],
    "data":[
        0.3742222785949707,
        0.06037541851401329,
        0.13135308027267456,
        0.3098890781402588,
        -0.1378949135541916,
        -0.18398991227149963,
        -0.5305441617965698,
        -0.07774769514799118,
        0.8625262975692749,
        0.11167682707309723,
        -0.383117139339447,
        0.11344073712825775,
        -0.3648519217967987,
        -0.42766618728637695,
        -0.3903176486492157,
        0.16577668488025665,
        -0.2674066424369812,
        -0.26965245604515076,
        0.16201777756214142,
        -0.3656800389289856,
        0.046838268637657166,
        0.045453280210494995,
        -0.1723095327615738,
        0.2992889881134033,
        0.22887763381004333,
        -0.8190390467643738,
        0.8237844705581665,
        0.09535795450210571,
        -0.32316848635673523,
        0.21611455082893372,
        -0.5334890484809875,
        0.7362998127937317,
        0.19496487081050873,
        0.5054571628570557,
        -0.2751568555831909,
        -0.2023152858018875,
        0.1820804625749588,
        -0.5711013674736023,
        0.13171182572841644,
        0.21511845290660858,
        -0.09856975078582764,
        -0.10440265387296677,
        0.2493840903043747,
        1.1783480644226074,
        -0.11979764699935913,
        -0.49769672751426697,
        -0.4869804084300995,
        0.08851609379053116,
        0.8375245332717896,
        -0.19616840779781342,
        0.1708739548921585,
        -0.15067598223686218,
        0.4338012635707855,
        0.8130334615707397,
        -0.9110127687454224,
        -0.2704539895057678,
        0.8425480723381042,
        -0.5456773042678833,
        -0.3419094383716583,
        0.2528383731842041,
        -0.07829280197620392,
        -0.9194737672805786,
        -0.14079567790031433,
        0.4539196491241455,
        0.23375162482261658,
        -0.05525435134768486,
        -0.40859442949295044,
        0.5183089375495911,
        0.5700252652168274
    ],
    "group_index":0,
    "k_idx":[
        0,
        0,
        0,
        1,
        1,
        1,
        2,
        2,
        2,
        3,
        3,
        3,
        4,
        4,
        4,
        5,
        5,
        5,
        6,
        6,
        6,
        7,
        7,
        7
    ],
    "layer":1,
    "pos_ptr":[
        71,
        74,
        76,
        79,
        82,
        84,
        87,
        90,
        93,
        96,
        99,
        102,
        105,
        108,
        111,
        114,
        117,
        120,
        123,
        126,
        129,
        132,
        135,
        137
    ],
    "r_idx":[
        0,
        1,
        2,
        0,
        1,
        2,
        0,
        1,
        2,
        0,
        1,
        2,
        0,
        1,
        2,
        0,
        1,
        2,
        0,
        1,
        2,
        0,
        1,
        2
    ],
    "s":1
}