{
    "c_idx":[
        1,
        2,
        4,
        5,
        7,
        1,
        2,
        3,
        4,
        5,
        6,
        7,
        1,
        2,
        3,
        4,
        5,
        6,
        1,
        4,
        5,
        7,
        0,
        1,
        2,
        6,
        7,
        1,
        3,
        5,
        6,
        0,
        1,
        2,
        3,
        4,
        5,
        6,
        7,
        0,
        1,
        3,
        4,
        5,
        6,
        0,
        1,
        4,
        5,
        6,
        7,
        0,
        2,
        3,
        4,
        5,
        7,
        0,
        3,
        4,
        5,
        6,
        7,
        1,
        2,
        3,
        4,
        5,
        7,
        0,
        2,
        3,
        4,
        5,
        6,
        7,
        0,
        2,
        5,
        6,
        7,
        1,
        2,
        4,
        5,
        6,
        0,
        1,
        4,
        5,
        6,
        7,
        0,
        3,
        6,
        0,
        2,
        4,
        6,
        7,
        0,
        1,
        2,
        3,
        4,
        5,
        7,
        1,
        2,
        4,
        5,
        6,
        1,
        2,
        3,
        4,
        7,
        0,
        2,
        4,
        2,
        3,
        4,
        5,
        6,
        7,
        1,
        4,
        5,
        6,
        7
    ],
    "data":[
        -0.316626638174057,
        0.38958606123924255,
        0.4997168183326721,
        -0.37852942943573,
        -0.31078237295150757,
        0.2479168325662613,
        -0.5284616351127625,
        -0.301593154668808,
        -0.47775888442993164,
        0.5421662926673889,
        -0.6805986166000366,
        -0.13147731125354767,
        0.27384597063064575,
        -0.1503850817680359,
        0.5074397325515747,
        -0.5120751261711121,
        0.27890679240226746,
        -0.24490560591220856,
        -0.21907344460487366,
        -0.12799851596355438,
        -0.3418863117694855,
        -0.33069726824760437,
        -0.3899613320827484,
        -0.3948737680912018,
        -0.4475979208946228,
        -0.37003058195114136,
        -0.47942787408828735,
        -0.33519142866134644,
        -0.18394698202610016,
        0.5340081453323364,
        0.1664622575044632,
        0.12426738440990448,
        0.13790835440158844,
        -0.22196251153945923,
        0.14015330374240875,
        -0.524204432964325,
        0.14490947127342224,
        0.3676545023918152,
        0.38705432415008545,
        0.14274905622005463,
        -0.4031330943107605,
        0.22934116423130035,
        -0.34161698818206787,
        0.5021433234214783,
        0.15735593438148499,
        -0.18447785079479218,
        -0.16081194579601288,
        0.20037321746349335,
        -0.3378726541996002,
        -0.2801932096481323,
        -0.1627741903066635,
        -0.19643211364746094,
        0.4634188115596771,
        -0.18984222412109375,
        0.1567971110343933,
        0.1673956662416458,
        -0.25807833671569824,
        -0.5566256046295166,
        -0.43414416909217834,
        0.3408350646495819,
        0.27620309591293335,
        -0.34875941276550293,
        -0.47561344504356384,
        -0.17158634960651398,
        -0.38377514481544495,
        -0.2631971836090088,
        -0.19654691219329834,
        -0.5742216110229492,
        0.26848942041397095,
        -0.3803408443927765,
        0.6555240750312805,
        0.18304668366909027,
        -0.5101580023765564,
        -0.4630180895328522,
        0.8372001051902771,
        -0.145827978849411,
        0.6223822832107544,
        -0.2042519599199295,
        0.12974943220615387,
        -0.15821821987628937,
        0.38324862718582153,
        0.8436784744262695,
        -0.2421780228614807,
        0.13913288712501526,
        -0.265063613653183,
        -0.6950840950012207,
        -0.2972428798675537,
        -0.4795858561992645,
        0.15850603580474854,
        0.26608848571777344,
        0.17977166175842285,
        -0.38154175877571106,
        0.34234818816185,
        -0.1537797451019287,
        -0.13979314267635345,
        -0.15837779641151428,
        -0.18336933851242065,
        -0.25787678360939026,
        0.13989976048469543,
        -0.2147512435913086,
        0.17011824250221252,
        -0.8529980182647705,
        -0.2749045491218567,
        -0.36818408966064453,
        -0.21883349120616913,
        0.1265968531370163,
        -0.28166836500167847,
        -0.7392580509185791,
        0.25545382499694824,
        0.5462038516998291,
        -0.2761378288269043,
        -0.4154879152774811,
        0.583291232585907,
        0.30036264657974243,
        -0.23776289820671082,
        -0.6265468597412109,
        -0.2958303391933441,
        -0.24711352586746216,
        0.2838650047779083,
        -0.13199028372764587,
        0.12929895520210266,
        0.15537679195404053,
        -0.2575838565826416,
        -0.35311469435691833,
        0.16352811455726624,
        0.28657621145248413,
        -0.432199090719223,
        -0.4107591509819031,
        -0.12806737422943115,
        -0.14075453579425812,
        -0.25825783610343933
    ],
    "group_index":0,
    "k_idx":[
        0,
        0,
        0,
        1,
        1,
        1,
        2,
        2,
        2,
        3,
        3,
        3,
        4,
        4,
        4,
        5,
        5,
        5,
        6,
        6,
        6,
        7,
        7,
        7
    ],
    "layer":2,
    "pos_ptr":[
        272,
        277,
        284,
        290,
        294,
        299,
        303,
        311,
        317,
        323,
        329,
        335,
        341,
        348,
        353,
        358,
        364,
        367,
        372,
        379,
        384,
        389,
        392,
        398
    ],
    "r_idx":[
        0,
        1,
        2,
        0,
        1,
        2,
        0,
        1,
        2,
        0,
        1,
        2,
        0,
        1,
        2,
        0,
        1,
        2,
        0,
        1,
        2,
        0,
        1,
        2
    ],
    "s":2
}