{
    "c_idx":[
        0,
        1,
        2,
        3,
        4,
        5,
        7,
        0,
        1,
        2,
        3,
        4,
        5,
        6,
        7,
        0,
        1,
        2,
        3,
        6,
        7,
        0,
        1,
        2,
        3,
        4,
        5,
        6,
        7,
        1,
        2,
        3,
        4,
        5,
        6,
        7,
        0,
        1,
        2,
        4,
        5,
        6,
        1,
        2,
        3,
        4,
        5,
        6,
        0,
        1,
        2,
        3,
        4,
        5,
        6,
        7,
        1,
        2,
        4,
        5,
        6,
        7,
        1,
        4,
        5,
        6,
        7,
        1,
        2,
        3,
        5,
        6,
        7,
        0,
        1,
        2,
        3,
        4,
        5,
        6,
        7,
        0,
        1,
        2,
        3,
        4,
        5,
        6,
        7,
        0,
        1,
        2,
        3,
        4,
        5,
        6,
        7,
        0,
        1,
        2,
        3,
        4,
        5,
        6,
        7,
        0,
        1,
        2,
        3,
        4,
        5,
        6,
        7,
        1,
        2,
        3,
        5,
        6,
        7,
        0,
        1,
        2,
        3,
        4,
        5,
        6,
        7,
        0,
        1,
        2,
        3,
        4,
        5,
        6,
        7,
        0,
        1,
        3,
        4,
        5,
        6,
        7,
        0,
        1,
        2,
        3,
        4,
        5,
        6,
        0,
        2,
        3,
        4,
        5,
        6,
        7,
        0,
        1,
        2,
        3,
        4,
        5,
        6,
        7,
        0,
        1,
        2,
        3,
        4,
        5,
        6,
        7
    ],
    "data":[
        0.1577317863702774,
        0.42137256264686584,
        0.7238800525665283,
        0.4872892200946808,
        0.5286601185798645,
        0.24934791028499603,
        0.4419870972633362,
        -0.2090737372636795,
        -0.17150822281837463,
        -0.5329456925392151,
        -0.6617355346679688,
        -0.5612291693687439,
        -0.2517802119255066,
        -0.31090477108955383,
        -0.349176824092865,
        0.10506103187799454,
        -0.33173051476478577,
        0.4741303324699402,
        -0.08022687584161758,
        0.07546986639499664,
        0.20096731185913086,
        -0.14033685624599457,
        -0.29353177547454834,
        0.2758999764919281,
        0.11225216835737228,
        -0.35453876852989197,
        -0.42187613248825073,
        -0.05582059919834137,
        -0.11289626359939575,
        -0.5155564546585083,
        0.05879638344049454,
        0.1324271410703659,
        0.24274942278862,
        0.24698284268379211,
        0.5799174308776855,
        -0.11982662230730057,
        0.4278958737850189,
        0.2942039966583252,
        -0.32910510897636414,
        -0.06601414829492569,
        -0.08235681802034378,
        0.06285368651151657,
        -0.41344404220581055,
        0.2778737545013428,
        0.18792609870433807,
        -0.5093149542808533,
        0.39129409193992615,
        0.4739895164966583,
        0.3467968702316284,
        -0.5794417858123779,
        0.3218804895877838,
        -0.1285274475812912,
        -0.16141393780708313,
        -0.23492057621479034,
        -0.14647908508777618,
        -0.49995657801628113,
        0.31052306294441223,
        0.26018476486206055,
        0.353893518447876,
        -0.3772985637187958,
        -0.5504111051559448,
        -0.21946685016155243,
        0.1707577258348465,
        -0.3084889054298401,
        0.2797989547252655,
        -0.07384566962718964,
        -0.28179678320884705,
        0.23895230889320374,
        0.293618768453598,
        -0.25161147117614746,
        0.33420658111572266,
        0.1568758189678192,
        -0.41154754161834717,
        -0.27600228786468506,
        -0.22009684145450592,
        0.27524659037590027,
        -0.22663742303848267,
        0.1532611846923828,
        -0.14185750484466553,
        0.10371527075767517,
        -0.06921093910932541,
        0.2791297733783722,
        -0.05695426091551781,
        -0.23273934423923492,
        0.2771616280078888,
        -0.3582797348499298,
        -0.44344356656074524,
        -0.5805548429489136,
        -0.3271569311618805,
        -0.3210594058036804,
        -0.2087690830230713,
        -0.3254668414592743,
        0.21413478255271912,
        0.3111659288406372,
        -0.2364548295736313,
        0.16544027626514435,
        -0.3692702651023865,
        0.5134420394897461,
        -0.31615152955055237,
        0.12100652605295181,
        0.08433598279953003,
        0.1587563455104828,
        -0.0721614807844162,
        -0.10104531794786453,
        0.23959137499332428,
        -0.277900755405426,
        -0.22087319195270538,
        0.42354533076286316,
        -0.05461398884654045,
        -0.33505144715309143,
        -0.28974008560180664,
        0.11101383715867996,
        0.16910184919834137,
        0.15060554444789886,
        -0.3252902626991272,
        -0.1236339807510376,
        0.24252568185329437,
        0.06466805934906006,
        -0.1256299465894699,
        -0.3245331645011902,
        0.3972678482532501,
        0.20059780776500702,
        0.3628118336200714,
        -0.41281676292419434,
        0.6819381713867188,
        0.296326220035553,
        0.13602307438850403,
        -0.8220195174217224,
        -0.36620014905929565,
        0.45323824882507324,
        -0.38371652364730835,
        0.11044885218143463,
        0.0665237084031105,
        0.15172849595546722,
        -0.41218504309654236,
        0.13465410470962524,
        -0.5055705904960632,
        -0.14319084584712982,
        -0.10165847092866898,
        -0.6794031262397766,
        0.56943279504776,
        0.4216272532939911,
        -0.09783715009689331,
        -0.7315558195114136,
        -0.3325822651386261,
        -0.12152392417192459,
        0.29010745882987976,
        0.30957186222076416,
        -0.3197171986103058,
        0.26180288195610046,
        0.48190242052078247,
        0.4818020761013031,
        0.4261448085308075,
        0.5665644407272339,
        0.32469943165779114,
        -0.09707652777433395,
        0.3451083302497864,
        0.3800129294395447,
        -0.35045453906059265,
        -0.0722922831773758,
        -0.09793635457754135,
        -0.19126099348068237,
        -0.3495590388774872,
        -0.06127564236521721,
        -0.16512441635131836,
        -0.23850864171981812,
        0.27127912640571594,
        -0.353375107049942,
        -0.3557129502296448,
        0.3839207589626312,
        -0.15700790286064148,
        -0.49882495403289795
    ],
    "group_index":0,
    "k_idx":[
        0,
        0,
        0,
        1,
        1,
        1,
        2,
        2,
        2,
        3,
        3,
        3,
        4,
        4,
        4,
        5,
        5,
        5,
        6,
        6,
        6,
        7,
        7,
        7
    ],
    "layer":2,
    "pos_ptr":[
        165,
        172,
        180,
        186,
        194,
        201,
        207,
        213,
        221,
        227,
        232,
        238,
        246,
        254,
        262,
        270,
        278,
        284,
        292,
        300,
        307,
        314,
        321,
        329
    ],
    "r_idx":[
        0,
        1,
        2,
        0,
        1,
        2,
        0,
        1,
        2,
        0,
        1,
        2,
        0,
        1,
        2,
        0,
        1,
        2,
        0,
        1,
        2,
        0,
        1,
        2
    ],
    "s":1
}