{
    "c_idx":[
        0,
        1,
        2,
        3,
        6,
        7,
        1,
        2,
        3,
        4,
        5,
        6,
        7,
        0,
        2,
        3,
        4,
        5,
        6,
        7,
        0,
        1,
        2,
        3,
        5,
        6,
        7,
        0,
        1,
        2,
        5,
        6,
        0,
        1,
        2,
        3,
        4,
        5,
        6,
        7,
        0,
        1,
        4,
        5,
        6,
        0,
        2,
        3,
        4,
        5,
        6,
        7,
        0,
        1,
        2,
        3,
        5,
        6,
        7,
        0,
        1,
        2,
        3,
        4,
        5,
        6,
        7,
        1,
        2,
        3,
        4,
        6,
        7,
        0,
        1,
        2,
        4,
        5,
        6,
        7,
        1,
        2,
        3,
        4,
        5,
        6,
        7,
        0,
        1,
        2,
        3,
        4,
        5,
        6,
        7,
        0,
        1,
        2,
        3,
        4,
        5,
        7,
        0,
        1,
        3,
        4,
        5,
        6,
        7,
        0,
        1,
        3,
        4,
        5,
        6,
        7,
        2,
        3,
        4,
        5,
        6,
        0,
        1,
        2,
        3,
        4,
        5,
        6,
        7,
        0,
        1,
        2,
        3,
        4,
        6,
        7,
        0,
        1,
        3,
        4,
        5,
        6,
        0,
        1,
        2,
        3,
        4,
        5,
        6,
        7,
        0,
        1,
        2,
        3,
        4,
        5,
        6,
        7,
        0,
        1,
        2,
        3,
        5,
        6,
        7
    ],
    "data":[
        -0.31287410855293274,
        -0.20978200435638428,
        -0.34137338399887085,
        0.20150558650493622,
        0.09396152943372726,
        -0.12470734119415283,
        0.46544700860977173,
        0.38508111238479614,
        -0.22978726029396057,
        -0.45866069197654724,
        -0.31105706095695496,
        -0.07609481364488602,
        -0.16257204115390778,
        0.044344887137413025,
        -0.47502073645591736,
        -0.39803406596183777,
        0.08801794052124023,
        0.4578384459018707,
        0.5153412222862244,
        -0.1745740920305252,
        0.19533990323543549,
        -0.36072200536727905,
        0.11343242228031158,
        0.3274243175983429,
        -0.24829429388046265,
        -0.22064869105815887,
        -0.14824852347373962,
        0.3511073887348175,
        -0.29660242795944214,
        -0.627138078212738,
        0.09459999948740005,
        -0.2901221811771393,
        0.4388952851295471,
        -0.12232235819101334,
        0.1806044727563858,
        -0.48720505833625793,
        -0.0832638144493103,
        0.1705670952796936,
        -0.1966441571712494,
        0.42826247215270996,
        -0.11305665969848633,
        -0.09683366864919662,
        0.09595508873462677,
        0.10229172557592392,
        -0.3155042827129364,
        0.12504857778549194,
        -0.15747341513633728,
        -0.4161388576030731,
        0.37109851837158203,
        -0.3886580765247345,
        -0.3695954978466034,
        -0.30685150623321533,
        -0.7607766389846802,
        -0.07055158913135529,
        -0.33620861172676086,
        -0.143443301320076,
        -0.22756627202033997,
        0.2045072466135025,
        -0.39243507385253906,
        -0.05115153640508652,
        -0.3981872797012329,
        0.0894840806722641,
        0.05143596604466438,
        -0.27918580174446106,
        0.07281146198511124,
        0.3813268840312958,
        -0.19282372295856476,
        -0.2791217565536499,
        0.3861413598060608,
        -0.24841110408306122,
        -0.050041813403367996,
        0.09061091393232346,
        -0.47720709443092346,
        -0.7892325520515442,
        0.7220356464385986,
        -0.251287579536438,
        0.39182206988334656,
        -0.25859180092811584,
        -0.04132901504635811,
        -0.15781264007091522,
        -0.1552804857492447,
        -0.4503149688243866,
        0.06130853667855263,
        0.2770552933216095,
        -0.4048521816730499,
        -0.09053283929824829,
        0.2341412603855133,
        -0.5158758759498596,
        -0.7194369435310364,
        -0.07787013053894043,
        0.05322728678584099,
        0.3529433310031891,
        -0.1935035139322281,
        0.3245788812637329,
        -0.3873656392097473,
        0.358833372592926,
        -0.3101852834224701,
        -0.27125808596611023,
        0.6294505000114441,
        -0.29470768570899963,
        0.5140722990036011,
        0.05700765177607536,
        0.34108203649520874,
        0.25502103567123413,
        0.21852467954158783,
        0.1901347041130066,
        -0.7559482455253601,
        -0.6775609254837036,
        0.541595458984375,
        0.053669556975364685,
        0.20300261676311493,
        -0.07447939366102219,
        -0.14301985502243042,
        -0.29502519965171814,
        -0.7308750152587891,
        0.17808279395103455,
        0.2579442858695984,
        0.053571075201034546,
        -0.05344866216182709,
        0.6334015727043152,
        -0.3699967861175537,
        0.07963340729475021,
        0.40153902769088745,
        0.18786239624023438,
        0.5859917998313904,
        -0.4503902494907379,
        0.16925443708896637,
        0.39439326524734497,
        -0.4554891288280487,
        -0.23608185350894928,
        -0.10697250813245773,
        0.3519192337989807,
        0.7547568082809448,
        -0.4006585478782654,
        -0.24930742383003235,
        -0.26500529050827026,
        0.06683574616909027,
        -0.3476148247718811,
        0.1640947312116623,
        0.2460460662841797,
        -0.3845760226249695,
        -0.28695034980773926,
        0.3789634704589844,
        0.4347590506076813,
        -0.21923890709877014,
        0.18208405375480652,
        0.16285113990306854,
        0.15319150686264038,
        -0.09573099762201309,
        0.0431520901620388,
        0.38875141739845276,
        -0.07654539495706558,
        -0.1785879135131836,
        0.12392784655094147,
        -0.37349119782447815,
        -0.31454160809516907,
        -0.5109546780586243,
        -0.5962117910385132,
        -0.3876468539237976,
        -0.6616531610488892,
        -0.6004245281219482,
        -0.24840696156024933,
        -0.1764698475599289,
        0.16975925862789154,
        0.20015712082386017
    ],
    "group_index":0,
    "k_idx":[
        0,
        0,
        0,
        1,
        1,
        1,
        2,
        2,
        2,
        3,
        3,
        3,
        4,
        4,
        4,
        5,
        5,
        5,
        6,
        6,
        6,
        7,
        7,
        7
    ],
    "layer":2,
    "pos_ptr":[
        0,
        6,
        13,
        20,
        27,
        32,
        40,
        45,
        52,
        59,
        67,
        73,
        80,
        87,
        95,
        102,
        109,
        116,
        121,
        129,
        136,
        142,
        150,
        158
    ],
    "r_idx":[
        0,
        1,
        2,
        0,
        1,
        2,
        0,
        1,
        2,
        0,
        1,
        2,
        0,
        1,
        2,
        0,
        1,
        2,
        0,
        1,
        2,
        0,
        1,
        2
    ],
    "s":0
}