{
    "c_idx":[
        0,
        1,
        2,
        1,
        2,
        1,
        2,
        0,
        1,
        2,
        0,
        2,
        0,
        1,
        2,
        0,
        1,
        2,
        0,
        1,
        2,
        0,
        1,
        2,
        0,
        1,
        2,
        0,
        1,
        2,
        0,
        1,
        2,
        0,
        2,
        0,
        2,
        0,
        1,
        0,
        1,
        2,
        0,
        1,
        2,
        0,
        1,
        2,
        0,
        1,
        2,
        1,
        2,
        0,
        1,
        2,
        0,
        1,
        2,
        0,
        1,
        2,
        0,
        1,
        2
    ],
    "data":[
        -0.0834982693195343,
        0.11658509075641632,
        -0.11943510919809341,
        -0.33094874024391174,
        0.050004057586193085,
        -0.3339589834213257,
        0.3686891496181488,
        -0.20068487524986267,
        0.6864804625511169,
        0.5805612206459045,
        -1.05485999584198,
        -0.4682862162590027,
        0.41161584854125977,
        0.7937976121902466,
        -0.9383642673492432,
        0.5815403461456299,
        -0.28533145785331726,
        -0.22018848359584808,
        -0.12705886363983154,
        0.21253253519535065,
        0.19139978289604187,
        -0.401555597782135,
        -0.05998889356851578,
        -0.21742868423461914,
        -0.20650115609169006,
        0.3148493766784668,
        0.38065069913864136,
        -0.07815645635128021,
        -0.21360883116722107,
        0.5374621152877808,
        1.0152462720870972,
        -0.9845969080924988,
        -0.7542162537574768,
        0.35963791608810425,
        0.04487433284521103,
        -0.07272280007600784,
        -0.21941044926643372,
        0.3301405906677246,
        -0.05327639728784561,
        -0.2199113965034485,
        0.2513730525970459,
        -0.3305817246437073,
        -0.1465558409690857,
        0.5862777829170227,
        -0.30742427706718445,
        -0.3699745833873749,
        0.4555962085723877,
        0.11129196733236313,
        0.23853282630443573,
        0.4494207203388214,
        -0.07331724464893341,
        -0.5780640244483948,
        -0.05228457972407341,
        0.39531180262565613,
        0.29646581411361694,
        -0.20935380458831787,
        -0.6763691306114197,
        -0.4282834231853485,
        0.49393758177757263,
        0.23175394535064697,
        0.36939164996147156,
        -0.7594466805458069,
        1.0118590593338013,
        -0.12663251161575317,
        -0.5060521960258484
    ],
    "group_index":0,
    "k_idx":[
        0,
        0,
        0,
        1,
        1,
        1,
        2,
        2,
        2,
        3,
        3,
        3,
        4,
        4,
        4,
        5,
        5,
        5,
        6,
        6,
        6,
        7,
        7,
        7
    ],
    "layer":1,
    "pos_ptr":[
        140,
        143,
        145,
        147,
        150,
        152,
        155,
        158,
        161,
        164,
        167,
        170,
        173,
        175,
        177,
        179,
        182,
        185,
        188,
        191,
        193,
        196,
        199,
        202
    ],
    "r_idx":[
        0,
        1,
        2,
        0,
        1,
        2,
        0,
        1,
        2,
        0,
        1,
        2,
        0,
        1,
        2,
        0,
        1,
        2,
        0,
        1,
        2,
        0,
        1,
        2
    ],
    "s":2
}