{
    "c_idx":[
        0,
        1,
        2,
        0,
        2,
        0,
        1,
        2,
        0,
        1,
        2,
        2,
        0,
        1,
        2,
        0,
        1,
        2,
        0,
        1,
        2,
        0,
        1,
        2,
        0,
        1,
        2,
        0,
        1,
        2,
        0,
        1,
        2,
        1,
        2,
        0,
        1,
        2,
        0,
        1,
        2,
        0,
        2,
        0,
        1,
        2,
        0,
        1,
        2,
        0,
        1,
        0,
        1,
        2,
        0,
        1,
        2,
        1,
        2,
        1,
        2,
        0,
        1,
        2,
        0,
        1,
        2,
        0,
        1,
        2,
        0,
        1,
        2,
        0,
        1,
        2,
        0,
        1,
        2,
        0,
        1,
        2,
        1,
        2,
        1,
        1,
        2,
        0,
        1,
        2,
        0,
        1,
        2,
        0,
        1,
        2,
        1,
        2,
        0,
        1,
        2,
        1,
        2,
        0,
        1,
        2,
        0,
        1,
        2,
        0,
        1,
        0,
        1,
        0,
        1,
        2,
        0,
        1,
        2,
        0,
        1,
        0,
        1,
        2
    ],
    "data":[
        0.09940328449010849,
        -0.19654923677444458,
        0.10728628188371658,
        0.17895814776420593,
        0.09534979611635208,
        0.1943473219871521,
        0.22029368579387665,
        0.15221168100833893,
        0.329463928937912,
        0.7927165627479553,
        0.7342236638069153,
        -0.3331781327724457,
        0.4636639952659607,
        0.5056684017181396,
        0.9209967851638794,
        1.094950795173645,
        0.13926030695438385,
        0.7071706056594849,
        -0.2809940278530121,
        -0.5691555142402649,
        -0.9510427713394165,
        -1.1173937320709229,
        0.32148507237434387,
        1.0776132345199585,
        -0.19733114540576935,
        -0.9836870431900024,
        -0.45184198021888733,
        -0.3173016309738159,
        0.0816933736205101,
        -1.0933127403259277,
        -1.0483224391937256,
        0.13202735781669617,
        0.4628225564956665,
        -0.5801909565925598,
        0.19697818160057068,
        -0.726972222328186,
        -0.20284713804721832,
        -0.47976598143577576,
        -0.5702413320541382,
        0.41542163491249084,
        0.1188342273235321,
        0.6197084188461304,
        -0.9217099547386169,
        -1.2468624114990234,
        -0.6960368752479553,
        -0.34393295645713806,
        0.34386613965034485,
        0.8163126707077026,
        0.27368244528770447,
        0.7225115299224854,
        -0.6755838990211487,
        -0.947936475276947,
        -0.15016022324562073,
        -0.9082064628601074,
        0.4568415582180023,
        0.1381208598613739,
        0.9747201800346375,
        0.0819571241736412,
        0.153524249792099,
        0.17333009839057922,
        -0.14986106753349304,
        0.2840215265750885,
        0.2829572260379791,
        -0.13378731906414032,
        0.4399171769618988,
        0.45170241594314575,
        -0.24286067485809326,
        0.3675374388694763,
        0.0908830463886261,
        0.14118197560310364,
        0.37463799118995667,
        -0.33279991149902344,
        -0.14001044631004333,
        -0.5855825543403625,
        -0.44174376130104065,
        0.34214767813682556,
        -0.44872111082077026,
        0.33116891980171204,
        0.41433611512184143,
        -0.4613998234272003,
        -0.1670500785112381,
        -0.13764192163944244,
        0.1318168342113495,
        0.1597953885793686,
        -0.13125628232955933,
        0.7287907600402832,
        0.8732730150222778,
        0.8232920169830322,
        0.26649826765060425,
        -0.6865574717521667,
        -0.2299426943063736,
        -0.3026341497898102,
        0.23322364687919617,
        -0.64167720079422,
        0.9987423419952393,
        -1.0674326419830322,
        -0.26693984866142273,
        -0.22762347757816315,
        0.6009668111801147,
        0.3242541551589966,
        -0.6375635266304016,
        -0.23632346093654633,
        -0.2392631620168686,
        -0.3309035301208496,
        -0.33923056721687317,
        -0.20227307081222534,
        0.21337932348251343,
        0.21562457084655762,
        0.08171677589416504,
        0.360358327627182,
        0.08129110187292099,
        0.31261640787124634,
        -0.20557688176631927,
        -0.141268789768219,
        -0.44946134090423584,
        -0.2708689868450165,
        -0.17105677723884583,
        -0.20673967897891998,
        -0.18837523460388184,
        0.33269810676574707,
        -0.2039247453212738,
        0.13317017257213593,
        -0.23928800225257874,
        0.14474281668663025
    ],
    "group_index":0,
    "k_idx":[
        0,
        0,
        0,
        1,
        1,
        1,
        2,
        2,
        2,
        3,
        3,
        3,
        4,
        4,
        4,
        5,
        5,
        5,
        6,
        6,
        6,
        7,
        7,
        7,
        8,
        8,
        8,
        9,
        9,
        9,
        10,
        10,
        10,
        11,
        11,
        11,
        12,
        12,
        12,
        13,
        13,
        13,
        14,
        14,
        14,
        15,
        15,
        15
    ],
    "layer":1,
    "pos_ptr":[
        253,
        256,
        258,
        261,
        264,
        265,
        268,
        271,
        274,
        277,
        280,
        283,
        286,
        288,
        291,
        294,
        296,
        299,
        302,
        304,
        307,
        310,
        312,
        314,
        317,
        320,
        323,
        326,
        329,
        332,
        335,
        336,
        337,
        338,
        340,
        343,
        346,
        349,
        351,
        354,
        356,
        359,
        362,
        364,
        366,
        369,
        372,
        374
    ],
    "r_idx":[
        0,
        1,
        2,
        0,
        1,
        2,
        0,
        1,
        2,
        0,
        1,
        2,
        0,
        1,
        2,
        0,
        1,
        2,
        0,
        1,
        2,
        0,
        1,
        2,
        0,
        1,
        2,
        0,
        1,
        2,
        0,
        1,
        2,
        0,
        1,
        2,
        0,
        1,
        2,
        0,
        1,
        2,
        0,
        1,
        2,
        0,
        1,
        2
    ],
    "s":2
}