{
    "c_idx":[
        1,
        2,
        0,
        1,
        1,
        2,
        0,
        1,
        1,
        2,
        0,
        1,
        2,
        0,
        1,
        2,
        0,
        1,
        2,
        0,
        1,
        2,
        0,
        1,
        2,
        0,
        1,
        2,
        0,
        2,
        0,
        2,
        0,
        1,
        2,
        0,
        1,
        2,
        0,
        1,
        2,
        0,
        1,
        2,
        0,
        2,
        0,
        1,
        0,
        1,
        2,
        1,
        2,
        0,
        1,
        2,
        0,
        2,
        0,
        1,
        0,
        1,
        2,
        0,
        1,
        2,
        0,
        1,
        0,
        1,
        2,
        0,
        1,
        2,
        0,
        1,
        2,
        0,
        0,
        2,
        0,
        2,
        0,
        1,
        2,
        0,
        1,
        2,
        0,
        1,
        2,
        0,
        1,
        2,
        0,
        1,
        2,
        0,
        1,
        2,
        0,
        2,
        0,
        2,
        0,
        1,
        2,
        0,
        1,
        0,
        1,
        2,
        0,
        1,
        0,
        1,
        2,
        0,
        1,
        2,
        0,
        1,
        2
    ],
    "data":[
        -0.07528417557477951,
        -0.25729358196258545,
        0.09029554575681686,
        -0.21475298702716827,
        -0.10355472564697266,
        -0.08082788437604904,
        0.3638014495372772,
        0.4398516118526459,
        -0.8379050493240356,
        -0.7372339963912964,
        0.280920147895813,
        -1.0431314706802368,
        -0.1346864402294159,
        1.6411173343658447,
        0.9373591542243958,
        -1.0644828081130981,
        1.4974005222320557,
        -0.2922353744506836,
        0.5051111578941345,
        0.09091789275407791,
        -1.5692691802978516,
        1.4256319999694824,
        0.4236705005168915,
        1.045703649520874,
        -0.5734459161758423,
        0.6975707411766052,
        1.0971139669418335,
        -0.2188773900270462,
        -0.7416431903839111,
        0.24400018155574799,
        0.47507208585739136,
        1.0456658601760864,
        0.705227255821228,
        0.30352285504341125,
        -0.49961817264556885,
        -0.7525291442871094,
        -0.6661742925643921,
        -1.045000433921814,
        0.8561707139015198,
        -0.5010864734649658,
        0.5235748291015625,
        -0.2840767800807953,
        -0.8840738534927368,
        -0.4311525523662567,
        0.45465928316116333,
        0.9788272380828857,
        -0.5326948165893555,
        0.6853914856910706,
        0.3701874017715454,
        0.5796337127685547,
        0.1414298713207245,
        0.7148149609565735,
        0.14525863528251648,
        -0.0673624724149704,
        0.21905356645584106,
        -0.11095862835645676,
        -0.19600984454154968,
        -0.23915565013885498,
        0.23908843100070953,
        0.22623924911022186,
        -0.32611599564552307,
        0.5372508764266968,
        0.5639998912811279,
        -0.06748149544000626,
        0.14601637423038483,
        0.2982836663722992,
        -0.519778311252594,
        -0.6605615019798279,
        0.4879724681377411,
        0.4070564806461334,
        -0.5345061421394348,
        0.5848826766014099,
        0.4872038960456848,
        0.5730431079864502,
        -0.35315999388694763,
        -0.14601372182369232,
        -0.3711813688278198,
        -0.15104763209819794,
        -0.12020289152860641,
        -0.16828981041908264,
        -0.2035089135169983,
        0.06704769283533096,
        -0.3359189033508301,
        -0.21184605360031128,
        -0.6728522181510925,
        -0.852240264415741,
        -0.4179069697856903,
        -1.2835986614227295,
        0.36734527349472046,
        -0.4241597354412079,
        0.23870423436164856,
        0.4148014187812805,
        0.07677590847015381,
        -0.2387261986732483,
        0.9684661626815796,
        1.0896919965744019,
        0.262710303068161,
        -0.8076764941215515,
        -0.380679726600647,
        -0.6274102926254272,
        0.3488931953907013,
        0.2741738259792328,
        -0.4321039021015167,
        -0.08416543900966644,
        -0.06336107850074768,
        0.31116023659706116,
        0.2572314441204071,
        -0.2805965840816498,
        -0.7491447925567627,
        0.5072477459907532,
        -0.3352247178554535,
        0.18256357312202454,
        0.3848332464694977,
        0.11403752118349075,
        0.1899814009666443,
        -0.09549783170223236,
        0.2635892629623413,
        0.274717777967453,
        0.19993318617343903,
        0.18543998897075653,
        0.297000914812088,
        -0.28633415699005127,
        0.12388267368078232
    ],
    "group_index":0,
    "k_idx":[
        0,
        0,
        0,
        1,
        1,
        1,
        2,
        2,
        2,
        3,
        3,
        3,
        4,
        4,
        4,
        5,
        5,
        5,
        6,
        6,
        6,
        7,
        7,
        7,
        8,
        8,
        8,
        9,
        9,
        9,
        10,
        10,
        10,
        11,
        11,
        11,
        12,
        12,
        12,
        13,
        13,
        13,
        14,
        14,
        14,
        15,
        15,
        15
    ],
    "layer":1,
    "pos_ptr":[
        0,
        2,
        4,
        6,
        8,
        10,
        13,
        16,
        19,
        22,
        25,
        28,
        30,
        32,
        35,
        38,
        41,
        44,
        46,
        48,
        51,
        53,
        56,
        58,
        60,
        63,
        66,
        68,
        71,
        74,
        77,
        78,
        80,
        82,
        85,
        88,
        91,
        94,
        97,
        100,
        102,
        104,
        107,
        109,
        112,
        114,
        117,
        120
    ],
    "r_idx":[
        0,
        1,
        2,
        0,
        1,
        2,
        0,
        1,
        2,
        0,
        1,
        2,
        0,
        1,
        2,
        0,
        1,
        2,
        0,
        1,
        2,
        0,
        1,
        2,
        0,
        1,
        2,
        0,
        1,
        2,
        0,
        1,
        2,
        0,
        1,
        2,
        0,
        1,
        2,
        0,
        1,
        2,
        0,
        1,
        2,
        0,
        1,
        2
    ],
    "s":0
}