{
    "c_idx":[
        1,
        2,
        0,
        1,
        0,
        1,
        2,
        0,
        1,
        2,
        0,
        1,
        2,
        0,
        1,
        2,
        0,
        1,
        2,
        0,
        1,
        2,
        0,
        1,
        2,
        0,
        1,
        2,
        0,
        1,
        0,
        1,
        2,
        0,
        1,
        2,
        0,
        1,
        2,
        0,
        1,
        2,
        0,
        1,
        2,
        0,
        1,
        2,
        0,
        1,
        2,
        0,
        1,
        0,
        2,
        0,
        1,
        2,
        0,
        1,
        2,
        1,
        2,
        0,
        1,
        2,
        0,
        1,
        2,
        0,
        1,
        2,
        0,
        1,
        2,
        0,
        1,
        2,
        0,
        1,
        2,
        0,
        2,
        1,
        2,
        1,
        2,
        0,
        0,
        1,
        2,
        0,
        1,
        2,
        0,
        1,
        2,
        0,
        1,
        2,
        0,
        1,
        2,
        0,
        1,
        2,
        0,
        1,
        2,
        0,
        1,
        2,
        0,
        1,
        2,
        0,
        2,
        1,
        2,
        0,
        1,
        2,
        0,
        1,
        2,
        0,
        1,
        0,
        1,
        2
    ],
    "data":[
        0.17162683606147766,
        0.0832715779542923,
        0.23800614476203918,
        0.14755304157733917,
        0.2745821177959442,
        -0.16012752056121826,
        -0.2547222971916199,
        -0.7805771827697754,
        -0.27111732959747314,
        -0.4718228876590729,
        0.13295362889766693,
        0.1055915504693985,
        -0.17793422937393188,
        0.16356578469276428,
        -0.6109506487846375,
        0.7001381516456604,
        -0.3467211127281189,
        -0.9070946574211121,
        -1.0796421766281128,
        -1.2444043159484863,
        -0.33837804198265076,
        0.7417788505554199,
        -0.24781620502471924,
        1.4452292919158936,
        -1.0966196060180664,
        0.43379300832748413,
        -0.6654291152954102,
        1.0193992853164673,
        1.4636223316192627,
        -0.5977510213851929,
        -0.6113042831420898,
        -1.1083139181137085,
        1.0234724283218384,
        0.937652051448822,
        0.7601180076599121,
        0.3139161467552185,
        0.5077682137489319,
        0.12406839430332184,
        -0.5949403047561646,
        -0.5360522866249084,
        0.26855626702308655,
        0.616767942905426,
        0.3363640606403351,
        0.06901642680168152,
        -0.8807588815689087,
        -0.7923449277877808,
        0.9211318492889404,
        -0.13686403632164001,
        0.4616684317588806,
        0.41361647844314575,
        0.45656126737594604,
        -0.12772449851036072,
        -0.7352674603462219,
        -0.8094869256019592,
        0.24401462078094482,
        -0.636278510093689,
        -0.14861063659191132,
        0.9036961197853088,
        -0.21052885055541992,
        0.09621254354715347,
        0.12933027744293213,
        -0.07254917919635773,
        -0.17976777255535126,
        0.06374656409025192,
        0.2087131142616272,
        0.10042097419500351,
        0.3605571985244751,
        -0.2030397653579712,
        0.5088780522346497,
        0.12680570781230927,
        -0.13637107610702515,
        -0.5738599896430969,
        -0.07029405236244202,
        -0.1064605787396431,
        -0.3938613533973694,
        -0.3801387548446655,
        0.2163640409708023,
        0.2747603952884674,
        -0.1633564680814743,
        0.589445173740387,
        0.25864875316619873,
        0.485318124294281,
        -0.5602788925170898,
        -0.10386233031749725,
        0.09097634255886078,
        -0.11177734285593033,
        0.13949811458587646,
        -0.06604297459125519,
        -0.5021466016769409,
        1.1246957778930664,
        0.29638364911079407,
        -1.1002970933914185,
        0.1846744269132614,
        1.0403426885604858,
        1.138404369354248,
        -0.8769744634628296,
        0.11024712026119232,
        0.19250398874282837,
        0.17819012701511383,
        0.15173879265785217,
        -0.4751746654510498,
        -0.4003475308418274,
        0.6191237568855286,
        -0.9408644437789917,
        -0.656356155872345,
        0.7753921151161194,
        -0.2412470132112503,
        -0.31739991903305054,
        -0.49325066804885864,
        -0.3260623514652252,
        0.4680316746234894,
        -0.06897576153278351,
        0.241403266787529,
        0.3918486535549164,
        -0.28720197081565857,
        -0.09896013885736465,
        0.24894119799137115,
        0.4348085820674896,
        -0.22143644094467163,
        -0.08339403569698334,
        -0.4370836019515991,
        -0.47095775604248047,
        -0.2843092679977417,
        -0.21760356426239014,
        -0.19840580224990845,
        -0.2544558644294739,
        0.2222847044467926,
        0.35924220085144043,
        0.17736858129501343,
        0.2585095167160034
    ],
    "group_index":0,
    "k_idx":[
        0,
        0,
        0,
        1,
        1,
        1,
        2,
        2,
        2,
        3,
        3,
        3,
        4,
        4,
        4,
        5,
        5,
        5,
        6,
        6,
        6,
        7,
        7,
        7,
        8,
        8,
        8,
        9,
        9,
        9,
        10,
        10,
        10,
        11,
        11,
        11,
        12,
        12,
        12,
        13,
        13,
        13,
        14,
        14,
        14,
        15,
        15,
        15
    ],
    "layer":1,
    "pos_ptr":[
        123,
        125,
        127,
        130,
        133,
        136,
        139,
        142,
        145,
        148,
        151,
        153,
        156,
        159,
        162,
        165,
        168,
        171,
        174,
        176,
        178,
        181,
        184,
        186,
        189,
        192,
        195,
        198,
        201,
        204,
        206,
        208,
        210,
        211,
        214,
        217,
        220,
        223,
        226,
        229,
        232,
        235,
        238,
        240,
        242,
        245,
        248,
        250
    ],
    "r_idx":[
        0,
        1,
        2,
        0,
        1,
        2,
        0,
        1,
        2,
        0,
        1,
        2,
        0,
        1,
        2,
        0,
        1,
        2,
        0,
        1,
        2,
        0,
        1,
        2,
        0,
        1,
        2,
        0,
        1,
        2,
        0,
        1,
        2,
        0,
        1,
        2,
        0,
        1,
        2,
        0,
        1,
        2,
        0,
        1,
        2,
        0,
        1,
        2
    ],
    "s":1
}