{
    "c_idx":[
        2,
        0,
        2,
        1,
        0,
        1,
        2,
        0,
        1,
        2,
        0,
        1,
        2,
        0,
        1,
        0,
        1,
        2,
        0,
        1,
        2,
        0,
        1,
        2,
        0,
        2,
        0,
        1,
        2,
        0,
        1,
        2,
        0,
        1,
        2,
        0,
        1,
        2,
        0,
        1,
        2,
        0,
        1,
        2,
        0,
        1,
        2,
        0,
        1,
        2,
        0,
        1,
        2,
        0,
        1,
        2,
        0,
        1,
        2,
        0,
        1,
        2,
        0,
        1,
        2,
        0,
        2,
        0,
        1,
        2,
        1,
        2,
        0,
        1,
        2,
        0,
        1,
        2,
        0,
        1,
        2,
        0,
        1,
        2,
        0,
        1,
        2,
        0,
        1,
        2,
        0,
        1,
        2,
        0,
        1,
        2,
        0,
        1,
        2,
        0,
        1,
        2,
        1,
        2,
        0,
        1,
        2,
        0,
        1,
        2,
        0,
        1,
        2,
        0,
        1,
        2,
        0,
        1,
        2,
        0,
        1,
        2,
        0,
        1,
        2,
        0,
        1,
        2,
        0,
        1,
        2,
        0,
        1,
        2
    ],
    "data":[
        0.07673866301774979,
        0.07640878111124039,
        -0.05449866130948067,
        0.12774337828159332,
        1.013331413269043,
        -0.3430224359035492,
        0.8346234560012817,
        -0.4818967282772064,
        -0.2148202359676361,
        -0.5851762890815735,
        0.6818308234214783,
        -0.12035681307315826,
        0.4772682785987854,
        0.22030803561210632,
        0.32252296805381775,
        0.42358100414276123,
        0.3659575581550598,
        -0.3199578523635864,
        0.3472454249858856,
        0.12079835683107376,
        -0.20415005087852478,
        -0.2880619466304779,
        0.2857086658477783,
        0.5781974792480469,
        0.7856740951538086,
        -0.25025370717048645,
        -0.8346683979034424,
        -0.6431946754455566,
        -0.14405319094657898,
        -0.5063164830207825,
        -0.3476007580757141,
        -0.4828355610370636,
        -0.2675666809082031,
        -0.7281897664070129,
        -0.14567692577838898,
        0.8025263547897339,
        0.1396624594926834,
        -0.2688939869403839,
        -0.5482376217842102,
        -0.11669342964887619,
        0.3476276099681854,
        0.6112297773361206,
        0.21355590224266052,
        0.2893311381340027,
        0.6204827427864075,
        -0.459392786026001,
        -0.8706908822059631,
        0.10388990491628647,
        0.47766461968421936,
        0.97128826379776,
        0.22247324883937836,
        0.6638940572738647,
        0.9263325333595276,
        0.7922298908233643,
        -0.7878645062446594,
        0.14292863011360168,
        -0.37741518020629883,
        -0.0886879712343216,
        -0.1557971090078354,
        -0.20136913657188416,
        -0.6010434627532959,
        -0.22156842052936554,
        -0.5083907842636108,
        0.4501440227031708,
        0.4034788906574249,
        -0.24620290100574493,
        0.4099569618701935,
        0.4198746383190155,
        0.08735517412424088,
        -0.3986155092716217,
        -0.40811342000961304,
        -0.4925016462802887,
        -0.6326968669891357,
        0.6261863708496094,
        0.5775643587112427,
        -0.6353229284286499,
        0.6128038167953491,
        0.22093042731285095,
        -0.26098379492759705,
        0.7450003623962402,
        -0.5497362613677979,
        -0.9457183480262756,
        0.956584632396698,
        -0.2563440799713135,
        -0.505760908126831,
        0.05560579523444176,
        0.9349305033683777,
        0.91950923204422,
        -0.46903088688850403,
        -0.7044212222099304,
        0.6070111393928528,
        0.46182870864868164,
        0.8509579300880432,
        1.24656343460083,
        -0.13937988877296448,
        -0.8891241550445557,
        0.35263633728027344,
        0.22583600878715515,
        -0.17931903898715973,
        -0.14666925370693207,
        -1.2887554168701172,
        -0.26895850896835327,
        1.0277734994888306,
        -0.4228672981262207,
        0.22720229625701904,
        1.3062885999679565,
        -0.6945618987083435,
        -0.058132413774728775,
        0.21548964083194733,
        0.5960262417793274,
        -0.45967569947242737,
        0.20449191331863403,
        -0.47457629442214966,
        -0.41011130809783936,
        -0.6177762150764465,
        0.10405871272087097,
        0.08816589415073395,
        0.08445744216442108,
        0.3802404999732971,
        -0.38548073172569275,
        0.36293667554855347,
        1.0847949981689453,
        0.6959043145179749,
        -0.3996519148349762,
        0.2231195867061615,
        -0.3993585407733917,
        0.6500732898712158,
        -0.0944267138838768,
        -0.7606275081634521,
        -0.8276183605194092,
        -0.23215678334236145,
        -0.4417966604232788,
        -0.6483432054519653,
        0.6987534165382385
    ],
    "group_index":0,
    "k_idx":[
        0,
        0,
        0,
        1,
        1,
        1,
        2,
        2,
        2,
        3,
        3,
        3,
        4,
        4,
        4,
        5,
        5,
        5,
        6,
        6,
        6,
        7,
        7,
        7,
        8,
        8,
        8,
        9,
        9,
        9,
        10,
        10,
        10,
        11,
        11,
        11,
        12,
        12,
        12,
        13,
        13,
        13,
        14,
        14,
        14,
        15,
        15,
        15
    ],
    "layer":1,
    "pos_ptr":[
        132,
        133,
        135,
        136,
        139,
        142,
        145,
        147,
        150,
        153,
        156,
        158,
        161,
        164,
        167,
        170,
        173,
        176,
        179,
        182,
        185,
        188,
        191,
        194,
        197,
        199,
        202,
        204,
        207,
        210,
        213,
        216,
        219,
        222,
        225,
        228,
        231,
        234,
        236,
        239,
        242,
        245,
        248,
        251,
        254,
        257,
        260,
        263
    ],
    "r_idx":[
        0,
        1,
        2,
        0,
        1,
        2,
        0,
        1,
        2,
        0,
        1,
        2,
        0,
        1,
        2,
        0,
        1,
        2,
        0,
        1,
        2,
        0,
        1,
        2,
        0,
        1,
        2,
        0,
        1,
        2,
        0,
        1,
        2,
        0,
        1,
        2,
        0,
        1,
        2,
        0,
        1,
        2,
        0,
        1,
        2,
        0,
        1,
        2
    ],
    "s":1
}