{
    "c_idx":[
        1,
        0,
        1,
        2,
        1,
        2,
        0,
        1,
        2,
        0,
        1,
        2,
        0,
        1,
        2,
        0,
        1,
        2,
        0,
        1,
        2,
        0,
        1,
        2,
        0,
        1,
        2,
        0,
        1,
        2,
        0,
        1,
        2,
        0,
        1,
        2,
        0,
        1,
        2,
        0,
        1,
        2,
        0,
        1,
        2,
        0,
        2,
        0,
        1,
        2,
        2,
        1,
        2,
        0,
        1,
        2,
        0,
        1,
        2,
        0,
        2,
        0,
        1,
        2,
        0,
        1,
        2,
        0,
        2,
        0,
        1,
        2,
        0,
        1,
        2,
        0,
        2,
        0,
        1,
        2,
        0,
        1,
        2,
        0,
        1,
        2,
        0,
        1,
        2,
        0,
        1,
        2,
        0,
        1,
        2,
        0,
        1,
        2,
        0,
        1,
        2,
        0,
        1,
        2,
        0,
        1,
        2,
        0,
        1,
        2,
        1,
        2,
        0,
        1,
        2,
        0,
        1,
        2,
        0,
        1,
        2,
        0,
        2,
        0,
        1,
        2,
        0,
        1,
        2,
        0,
        1,
        2
    ],
    "data":[
        0.0839313268661499,
        0.08151546865701675,
        0.09938502311706543,
        -0.1721596121788025,
        -0.06946037709712982,
        0.09358812868595123,
        0.965860903263092,
        0.08857010304927826,
        -0.3590847849845886,
        -1.0773504972457886,
        -0.36661356687545776,
        -0.16832882165908813,
        0.5025762319564819,
        -0.7489730715751648,
        0.7624805569648743,
        -0.4111311137676239,
        0.22572503983974457,
        0.05999153479933739,
        0.5258630514144897,
        0.4469347596168518,
        -0.48608896136283875,
        -0.4757523834705353,
        0.5115755200386047,
        -0.2661917507648468,
        0.31699979305267334,
        0.302569717168808,
        0.11392753571271896,
        0.3455359935760498,
        -0.4542613923549652,
        0.19674904644489288,
        0.7160619497299194,
        -0.410730242729187,
        -0.2668663561344147,
        -0.7265335321426392,
        -0.7238951921463013,
        -0.16052980720996857,
        0.4556974470615387,
        0.6352313160896301,
        0.594077467918396,
        0.2967747151851654,
        -0.18323630094528198,
        0.29557815194129944,
        0.17570579051971436,
        0.3990275263786316,
        -0.22018712759017944,
        0.588444709777832,
        0.900281548500061,
        -0.4278169274330139,
        0.6163667440414429,
        -0.4398355484008789,
        -0.3133485019207001,
        -0.6757839918136597,
        -0.8324852585792542,
        -0.19534404575824738,
        0.4213634133338928,
        -1.2446070909500122,
        -0.3464583456516266,
        0.08969537168741226,
        -0.37228938937187195,
        -0.5312983989715576,
        0.47800254821777344,
        -0.6813629269599915,
        -0.05746835470199585,
        0.7145553231239319,
        0.5145753622055054,
        -0.7480209469795227,
        -0.45498794317245483,
        0.6118338108062744,
        -0.5864598751068115,
        0.46936121582984924,
        0.2961522936820984,
        0.28642305731773376,
        -0.48031729459762573,
        -0.8350054621696472,
        -0.10104392468929291,
        -0.3357107639312744,
        0.27161893248558044,
        0.5661407709121704,
        0.6649680137634277,
        -0.25693079829216003,
        -0.8409028649330139,
        -0.5036880373954773,
        0.45157504081726074,
        -0.11724255979061127,
        -1.069273591041565,
        -0.6336587071418762,
        0.6773428320884705,
        0.9548749923706055,
        -0.9822143316268921,
        -1.0433034896850586,
        0.21624045073986053,
        0.10584085434675217,
        -0.6368961334228516,
        -0.8134558200836182,
        0.7547598481178284,
        0.2033703327178955,
        -0.07718934863805771,
        0.7973451614379883,
        0.42758211493492126,
        0.10502427071332932,
        1.1115710735321045,
        -0.8512105345726013,
        -0.43072178959846497,
        0.37260374426841736,
        -1.1490708589553833,
        1.1393224000930786,
        0.6164202690124512,
        0.496682733297348,
        0.36759501695632935,
        0.4073505103588104,
        0.23441840708255768,
        -0.2375180870294571,
        -0.68376225233078,
        -0.08725133538246155,
        -0.18681122362613678,
        0.1759747713804245,
        0.36968737840652466,
        -0.7313829660415649,
        0.8218095898628235,
        -0.6981029510498047,
        1.1101042032241821,
        0.6270797252655029,
        0.8663415908813477,
        0.403157502412796,
        0.7830101847648621,
        0.6439045071601868,
        0.6975031495094299,
        0.5749284029006958,
        -0.34061115980148315,
        0.4370883107185364,
        0.5190207958221436,
        0.5741373300552368
    ],
    "group_index":0,
    "k_idx":[
        0,
        0,
        0,
        1,
        1,
        1,
        2,
        2,
        2,
        3,
        3,
        3,
        4,
        4,
        4,
        5,
        5,
        5,
        6,
        6,
        6,
        7,
        7,
        7,
        8,
        8,
        8,
        9,
        9,
        9,
        10,
        10,
        10,
        11,
        11,
        11,
        12,
        12,
        12,
        13,
        13,
        13,
        14,
        14,
        14,
        15,
        15,
        15
    ],
    "layer":1,
    "pos_ptr":[
        0,
        1,
        4,
        6,
        9,
        12,
        15,
        18,
        21,
        24,
        27,
        30,
        33,
        36,
        39,
        42,
        45,
        47,
        50,
        51,
        53,
        56,
        59,
        61,
        64,
        67,
        69,
        72,
        75,
        77,
        80,
        83,
        86,
        89,
        92,
        95,
        98,
        101,
        104,
        107,
        110,
        112,
        115,
        118,
        121,
        123,
        126,
        129
    ],
    "r_idx":[
        0,
        1,
        2,
        0,
        1,
        2,
        0,
        1,
        2,
        0,
        1,
        2,
        0,
        1,
        2,
        0,
        1,
        2,
        0,
        1,
        2,
        0,
        1,
        2,
        0,
        1,
        2,
        0,
        1,
        2,
        0,
        1,
        2,
        0,
        1,
        2,
        0,
        1,
        2,
        0,
        1,
        2,
        0,
        1,
        2,
        0,
        1,
        2
    ],
    "s":0
}