{
    "c_idx":[
        0,
        2,
        1,
        0,
        1,
        2,
        0,
        1,
        2,
        0,
        1,
        2,
        0,
        1,
        2,
        0,
        1,
        2,
        0,
        1,
        2,
        0,
        1,
        2,
        1,
        2,
        0,
        1,
        2,
        0,
        1,
        2,
        0,
        1,
        2,
        0,
        1,
        2,
        0,
        1,
        1,
        2,
        0,
        1,
        2,
        1,
        2,
        0,
        1,
        2,
        0,
        1,
        2,
        0,
        1,
        2,
        0,
        1,
        2,
        0,
        1,
        2,
        0,
        1,
        2,
        0,
        1,
        2,
        0,
        1,
        2,
        1,
        2,
        0,
        1,
        2,
        0,
        1,
        2,
        0,
        1,
        2,
        0,
        1,
        2,
        0,
        1,
        2,
        0,
        1,
        2,
        0,
        1,
        2,
        0,
        1,
        2,
        0,
        1,
        2,
        0,
        1,
        2,
        0,
        1,
        2,
        0,
        1,
        2,
        0,
        1,
        2,
        0,
        1,
        2,
        0,
        1,
        2,
        0,
        1,
        2,
        1,
        2,
        0,
        1,
        2,
        0,
        1,
        2,
        0,
        1,
        2,
        0,
        1,
        2
    ],
    "data":[
        0.09800536930561066,
        -0.14069852232933044,
        0.060167938470840454,
        0.2037498652935028,
        0.051488813012838364,
        -0.0580681748688221,
        0.15768221020698547,
        0.7261446714401245,
        0.23447777330875397,
        -0.38530462980270386,
        0.1456686109304428,
        -0.9826380610466003,
        -0.9777303338050842,
        -0.5891376733779907,
        0.1759634017944336,
        -0.20008356869220734,
        -0.34335798025131226,
        -0.20829764008522034,
        0.15136806666851044,
        -0.586273193359375,
        -0.4095594882965088,
        -0.1877327263355255,
        -0.35416918992996216,
        -0.1283041387796402,
        -0.15871497988700867,
        0.44484174251556396,
        0.3113434612751007,
        -0.24314571917057037,
        -0.5650951266288757,
        -0.05680530518293381,
        -0.43865785002708435,
        0.757051408290863,
        -0.6550897359848022,
        0.26539790630340576,
        -0.5463924407958984,
        -0.06258360296487808,
        0.34958288073539734,
        0.7331886291503906,
        0.6385174989700317,
        0.602220892906189,
        0.5200793743133545,
        -0.5455122590065002,
        -0.5370822548866272,
        0.19002124667167664,
        0.07437683641910553,
        -0.2672789990901947,
        -0.6872490644454956,
        0.060912176966667175,
        1.1628217697143555,
        0.3244873881340027,
        0.18686015903949738,
        -0.525008499622345,
        1.131636142730713,
        -0.9559139609336853,
        -0.9036247730255127,
        -1.0678534507751465,
        1.0617179870605469,
        0.30955567955970764,
        -0.18243645131587982,
        0.6862311363220215,
        0.2886323630809784,
        0.2989613711833954,
        -0.13762374222278595,
        -0.6055113077163696,
        0.07868459075689316,
        -0.39961445331573486,
        -0.489865779876709,
        0.127937451004982,
        0.2653668224811554,
        -0.717592716217041,
        -0.30537357926368713,
        0.1511431634426117,
        0.732880175113678,
        0.07406079769134521,
        0.6243133544921875,
        0.6110808849334717,
        -0.6850814819335938,
        0.3764398694038391,
        -0.5729396343231201,
        0.07476133853197098,
        0.15752893686294556,
        -0.8290086388587952,
        -0.3181034326553345,
        -0.2613378167152405,
        -0.09926525503396988,
        0.8228937983512878,
        0.34116312861442566,
        0.5153362154960632,
        0.49908846616744995,
        -0.8675559759140015,
        0.8806388974189758,
        0.13724587857723236,
        -0.6848896145820618,
        -0.8380385637283325,
        -0.3265213072299957,
        -0.5665088891983032,
        -0.26587358117103577,
        0.7377850413322449,
        0.1973903775215149,
        0.06996659189462662,
        0.2869378924369812,
        -1.3708447217941284,
        -0.12067903578281403,
        0.1503176987171173,
        -0.3431953191757202,
        -0.9869831800460815,
        0.07061848789453506,
        0.3956426680088043,
        0.42108219861984253,
        -0.2971995770931244,
        -0.33125898241996765,
        -0.4340798556804657,
        0.13256804645061493,
        0.12191551923751831,
        0.4850943088531494,
        -0.10670054703950882,
        0.415851354598999,
        0.23179584741592407,
        -1.5377373695373535,
        1.1053482294082642,
        -0.9505106806755066,
        -0.16780760884284973,
        -0.7737627029418945,
        -0.34377068281173706,
        -0.8704838752746582,
        -1.2101631164550781,
        -0.46876975893974304,
        -0.3822079300880432,
        -0.30821096897125244,
        -0.3904745578765869,
        -0.2128424495458603,
        -0.49637511372566223,
        0.5092665553092957,
        0.17109952867031097,
        -0.4797363877296448
    ],
    "group_index":0,
    "k_idx":[
        0,
        0,
        0,
        1,
        1,
        1,
        2,
        2,
        2,
        3,
        3,
        3,
        4,
        4,
        4,
        5,
        5,
        5,
        6,
        6,
        6,
        7,
        7,
        7,
        8,
        8,
        8,
        9,
        9,
        9,
        10,
        10,
        10,
        11,
        11,
        11,
        12,
        12,
        12,
        13,
        13,
        13,
        14,
        14,
        14,
        15,
        15,
        15
    ],
    "layer":1,
    "pos_ptr":[
        266,
        268,
        269,
        272,
        275,
        278,
        281,
        284,
        287,
        290,
        292,
        295,
        298,
        301,
        304,
        306,
        308,
        311,
        313,
        316,
        319,
        322,
        325,
        328,
        331,
        334,
        337,
        339,
        342,
        345,
        348,
        351,
        354,
        357,
        360,
        363,
        366,
        369,
        372,
        375,
        378,
        381,
        384,
        387,
        389,
        392,
        395,
        398
    ],
    "r_idx":[
        0,
        1,
        2,
        0,
        1,
        2,
        0,
        1,
        2,
        0,
        1,
        2,
        0,
        1,
        2,
        0,
        1,
        2,
        0,
        1,
        2,
        0,
        1,
        2,
        0,
        1,
        2,
        0,
        1,
        2,
        0,
        1,
        2,
        0,
        1,
        2,
        0,
        1,
        2,
        0,
        1,
        2,
        0,
        1,
        2,
        0,
        1,
        2
    ],
    "s":2
}